{
    "$schema": "http://schema.management.azure.com/schemas/2015-01-01/deploymentParameters.json#",
    "contentVersion": "1.0.0.0",
    "parameters": {
        "location": {
            "value": "westus"
        },
        "networkApiVersion": {
            "value": "2015-06-15"
        },
        "vnetName": {
            "value": "virtualNetwork"
        },
        "tag": {
            "value": {
                "key1": "key",
                "value1": "value"
            }
        },
        "vnetAddressPrefix": {
            "value": "10.0.0.0/16"
        },
        "subnet1Name": {
            "value": "subnet1"
        },
        "subnet2Name": {
            "value": "subnet2"
        },
        "subnet1Prefix": {
            "value": "10.0.1.0/24"
        },
        "subnet2Prefix": {
            "value": "10.0.2.0/24"
        }
    }
}