{
    "$schema": "https://schema.management.azure.com/schemas/2015-01-01/deploymentTemplate.json#",
    "contentVersion": "1.0.0.0",
    "parameters": {
        "location": {
            "type": "string",
            "defaultValue": "westus",
            "allowedValues": [
                "Brazil South",
                "brazilsouth",
                "East Asia",
                "eastasia",
                "East US",
                "eastus",
                "Japan East",
                "japaneast",
                "Japan West",
                "japanwest",
                "North Central US",
                "northcentralus",
                "North Europe",
                "northeurope",
                "South Central US",
                "southcentralus",
                "West Europe",
                "westeurope",
                "West US",
                "westus",
                "Southeast Asia",
                "southeastasia",
                "Central US",
                "centralus",
                "East US 2",
                "eastus2"
            ],
            "metadata": {
                "description": "Deployment Location Hint: Use lowercase for creating ipaddress"
            }
        },
        "computeApiVersion": {
            "type": "string",
            "defaultValue": "2015-06-15",
            "allowedValues": [
                "2015-05-01-preview",
                "2015-06-15"
            ],
            "metadata": {
                "description": "API Version for the Compute Resources"
            }
        },
        "tag": {
            "type": "object",
            "defaultValue": {
                "key1": "key",
                "value1": "value"
            },
            "metadata": {
                "description": "Tag Values"
            }
        },
        "vmName": {
            "type": "string",
            "defaultValue": "vmName",
            "metadata": {
                "description": "Virtual Machine Name"
            }
        },
        "vmSize": {
            "type": "string",
            "defaultValue": "Standard_D2",
            "metadata": {
                "description": "Virtual Machine Size"
            }
        },
        "adminUsername": {
            "type": "string",
            "defaultValue": "sysgain",
            "metadata": {
                "description": "Admin Username of Virtual Machine to SSH or RDP"
            }
        },
        "adminPasswordOrSshKey": {
            "type": "securestring",
            "defaultValue": "Sysga1n4205!",
            "metadata": {
                "description": "Admin Password of Virtual Machine to SSH or RDP"
            }
        },
        "imagePublisher": {
            "type": "string",
            "defaultValue": "Canonical",
            "metadata": {
                "description": "Virtual Machine Image Publisher"
            }
        },
        "imageOffer": {
            "type": "string",
            "defaultValue": "UbuntuServer",
            "metadata": {
                "description": "Virtual Machine Image Offer"
            }
        },
        "imageSKU": {
            "type": "string",
            "defaultValue": "14.04.2-LTS",
            "metadata": {
                "description": "Virtual Machine Image SKU"
            }
        },
        "imageVersion": {
            "type": "string",
            "defaultValue": "latest",
            "metadata": {
                "description": "Virtual Machine Image Version"
            }
        },
        "storageAccountName": {
            "type": "string",
            "defaultValue": "storageAccountName",
            "metadata": {
                "description": "Storage Account Name"
            }
        },
        "vmStorageAccountContainerName": {
            "type": "string",
            "defaultValue": "vhds",
            "metadata": {
                "description": "Caintainer name in the storage account"
            }
        },
        "networkInterfaceName": {
            "type": "string",
            "defaultValue": "networkInterfaceName",
            "metadata": {
                "description": "Network Security Group Name"
            }
        }
    },
    "variables": {},
    "resources": [
        {
            "comments": "Virtual Machine Resource",
            "apiVersion": "[parameters('computeApiVersion')]",
            "type": "Microsoft.Compute/virtualMachines",
            "name": "[parameters('vmName')]",
            "location": "[parameters('location')]",
            "tags": {
                "[parameters('tag').key1]": "[parameters('tag').value1]"
            },
            "properties": {
                "hardwareProfile": {
                    "vmSize": "[parameters('vmSize')]"
                },
                "osProfile": {
                    "computerName": "[parameters('vmName')]",
                    "adminUsername": "[parameters('adminUsername')]",
                    "adminPassword": "[parameters('adminPasswordOrSshKey')]"
                },
                "storageProfile": {
                    "imageReference": {
                        "publisher": "[parameters('imagePublisher')]",
                        "offer": "[parameters('imageOffer')]",
                        "sku": "[parameters('imageSKU')]",
                        "version": "[parameters('imageVersion')]"
                    },
                    "osDisk": {
                        "name": "[concat(parameters('vmName'),'-osDisk')]",
                        "vhd": {
                            "uri": "[concat('https://',parameters('storageAccountName'),'.blob.core.windows.net/',parameters('vmStorageAccountContainerName'),'/',parameters('vmName'),'-osdisk.vhd')]"
                        },
                        "caching": "ReadWrite",
                        "createOption": "FromImage"
                    }
                },
                "networkProfile": {
                    "networkInterfaces": [
                        {
                            "id": "[resourceId('Microsoft.Network/networkInterfaces',parameters('networkInterfaceName'))]"
                        }
                    ]
                }
            }
        }
    ]
}