{
    "$schema": "https://schema.management.azure.com/schemas/2015-01-01/deploymentTemplate.json#",
    "contentVersion": "1.0.0.0",
    "parameters": {
        "location": {
            "type": "string",
            "defaultValue": "westus",
            "allowedValues": [
                "Brazil South",
                "brazilsouth",
                "East Asia",
                "eastasia",
                "East US",
                "eastus",
                "Japan East",
                "japaneast",
                "Japan West",
                "japanwest",
                "North Central US",
                "northcentralus",
                "North Europe",
                "northeurope",
                "South Central US",
                "southcentralus",
                "West Europe",
                "westeurope",
                "West US",
                "westus",
                "Southeast Asia",
                "southeastasia",
                "Central US",
                "centralus",
                "East US 2",
                "eastus2"
            ],
            "metadata": {
                "description": "Deployment Location Hint: Use lowercase for creating ipaddress"
            }
        },
        "networkApiVersion": {
            "type": "string",
            "defaultValue": "2015-06-15",
            "allowedValues": [
                "2015-05-01-preview",
                "2015-06-15",
                "2016-03-30"
            ],
            "metadata": {
                "description": "API Version for the Network Resources"
            }
        },
        "publicIPAddressName": {
            "type": "string",
            "defaultValue": "publicIPAddress",
            "metadata": {
                "description": "Public IP Address Name"
            }
        },
        "tag": {
            "type": "object",
            "defaultValue": {
                "key1": "key",
                "value1": "value"
            },
            "metadata": {
                "description": "Tag Values"
            }
        },
        "publicIPdnsPrefix": {
            "type": "string",
            "defaultValue": "publicdnsprefix",
            "metadata": {
                "description": "Public IP DNS Prefix"
            }
        },
        "count": {
            "type": "int"
        }
    },
    "variables": {},
    "resources": [
        {
            "comments": "Public IP Address multiple Resource",
            "apiVersion": "[parameters('networkApiVersion')]",
            "type": "Microsoft.Network/publicIPAddresses",
            "name": "[concat(parameters('publicIPAddressName'),'-',copyIndex())]",
            "location": "[parameters('location')]",
            "copy": {
                "name": "loop",
                "count": "[parameters('count')]"
            },
            "tags": {
                "[parameters('tag').key1]": "[parameters('tag').value1]"
            },
            "properties": {
                "publicIPAllocationMethod": "Dynamic",
                "dnsSettings": {
                    "domainNameLabel": "[concat(parameters('publicIPdnsPrefix'),copyIndex())]"
                }
            }
        }
    ]
}