{
    "$schema": "https://schema.management.azure.com/schemas/2015-01-01/deploymentTemplate.json#",
    "contentVersion": "1.0.0.0",
    "parameters": {
        "location": {
            "type": "string",
            "defaultValue": "westus",
            "allowedValues": [
                "Brazil South",
                "brazilsouth",
                "East Asia",
                "eastasia",
                "East US",
                "eastus",
                "Japan East",
                "japaneast",
                "Japan West",
                "japanwest",
                "North Central US",
                "northcentralus",
                "North Europe",
                "northeurope",
                "South Central US",
                "southcentralus",
                "West Europe",
                "westeurope",
                "West US",
                "westus",
                "Southeast Asia",
                "southeastasia",
                "Central US",
                "centralus",
                "East US 2",
                "eastus2"
            ],
            "metadata": {
                "description": "Deployment Location Hint: Use lowercase for creating ipaddress"
            }
        },
        "mediaServiceApiVersion": {
            "type": "string",
            "defaultValue": "2015-10-01",
            "allowedValues": [
                "2015-10-01"
            ],
            "metadata": {
                "description": "API Version for the media Services"
            }
        },
        "tag": {
            "type": "object",
            "defaultValue": {
                "key1": "key",
                "value1": "value"
            }
        },
        "mediaServicesName": {
            "type": "string",
            "defaultValue": "mediaService1",
            "metadata": {
                "description": " Media Services name"
            }
        },
        "storageAccountName": {
            "type": "string",
            "defaultValue": "mediaservicesa",
            "metadata": {
                "description": " Storage Account name"
            }
        }
    },
    "variables": {},
    "resources": [
        {
            "type": "Microsoft.Media/mediaservices",
            "name": "[parameters('mediaServicesName')]",
            "apiVersion": "[parameters('mediaServiceApiVersion')]",
            "location": "[parameters('location')]",
            "tags": {
                "[parameters('tag').key1]": "[parameters('tag').value1]"
            },
            "properties": {
                "storageAccounts": [
                    {
                        "id": "[resourceId('Microsoft.Storage/storageAccounts', parameters('storageAccountName'))]",
                        "isPrimary": true
                    }
                ]
            }
        }
    ]
}