{
    "$schema": "http://schema.management.azure.com/schemas/2015-01-01/deploymentParameters.json#",
    "contentVersion": "1.0.0.0",
    "parameters": {
        "storageAccountType": {
            "value": "Standard_LRS"
        },
        "storageApiVersion": {
            "value": "2015-06-15"
        },
        "location": {
            "value": "westus"
        },
        "tag": {
            "value": {
                "key1": "key",
                "value1": "value"
            }
        },
        "storageAccountName": {
            "value": "GEN-UNIQUE"
        },
        "count": {
            "value": "2"
        }
    }
}