{
    "$schema": "https://schema.management.azure.com/schemas/2015-01-01/deploymentTemplate.json#",
    "contentVersion": "1.0.0.0",
    "parameters": {
        "storageAccountType": {
            "type": "string",
            "defaultValue": "Standard_LRS",
            "allowedValues": [
                "Standard_LRS",
                "Standard_ZRS",
                "Standard_GRS",
                "Standard_RAGRS",
                "Premium_LRS"
            ],
            "metadata": {
                "description": "Stoarge Account Type"
            }
        },
        "storageApiVersion": {
            "type": "string",
            "defaultValue": "2015-06-15",
            "allowedValues": [
                "2015-05-01-preview",
                "2015-06-15"
            ],
            "metadata": {
                "description": "API Version for the Storage Account"
            }
        },
        "location": {
            "type": "string",
            "defaultValue": "westus",
            "allowedValues": [
                "Brazil South",
                "brazilsouth",
                "East Asia",
                "eastasia",
                "East US",
                "eastus",
                "Japan East",
                "japaneast",
                "Japan West",
                "japanwest",
                "North Central US",
                "northcentralus",
                "North Europe",
                "northeurope",
                "South Central US",
                "southcentralus",
                "West Europe",
                "westeurope",
                "West US",
                "westus",
                "Southeast Asia",
                "southeastasia",
                "Central US",
                "centralus",
                "East US 2",
                "eastus2"
            ],
            "metadata": {
                "description": "Deployment Location Hint: Use lowercase for creating ipaddress"
            }
        },
        "tag": {
            "type": "object",
            "defaultValue": {
                "key1": "Base",
                "value1": "storage account"
            },
            "metadata": {
                "description": "Tag Values"
            }
        },
        "storageAccountName": {
            "type": "string",
            "metadata": {
                "description": "Storage Account Name"
            }
        },
        "count": {
            "type": "int",
            "defaultValue": 2
        }
    },
    "variables": {},
    "resources": [
        {
            "comments": "Storage Account Resource",
            "type": "Microsoft.Storage/storageAccounts",
            "name": "[concat(parameters('storageAccountName'),copyIndex())]",
            "apiVersion": "[parameters('storageApiVersion')]",
            "location": "[parameters('location')]",
            "tags": {
                "[parameters('tag').key1]": "[parameters('tag').value1]"
            },
            "copy": {
                "name": "storageAccountCopy",
                "count": "[parameters('count')]"
            },
            "properties": {
                "accountType": "[parameters('storageAccountType')]"
            }
        }
    ]
}