{
    "$schema": "http://schema.management.azure.com/schemas/2015-01-01/deploymentParameters.json#",
    "contentVersion": "1.0.0.0",
    "parameters": {
        "location": {
            "value": "westus"
        },
        "networkApiVersion": {
            "value": "2015-06-15"
        },
        "networkInterfaceName": {
            "value": "networkInterface"
        },
        "tag": {
            "value": {
                "key1": "key",
                "value1": "value"
            }
        },
        "ipConfigName": {
            "value": "ipconfig1"
        },
        "subnetRef": {
            "value": "subnetRef"
        },
        "privateIp": {
            "value": "10.2.0.4"
        }
    }
}