{
    "$schema": "https://schema.management.azure.com/schemas/2015-01-01/deploymentTemplate.json#",
    "contentVersion": "1.0.0.0",
    "parameters": {
        "location": {
            "value": "westus"
        },
        "networkApiVersion": {
            "value": "2015-06-15"
        },
        "networkInterfaceName": {
            "value": "networkInterface"
        },
        "tag": {
            "value": {
                "key1": "key",
                "value1": "value"
            }
        },
        "loadBalancerBkpoolRef": {
            "value": "Load Balancer backend pool id"
        },
        "loadBalancerInboundNatRef": {
            "value": "Load Balancer inbound rule id"
        },
        "subnetRef": {
            "value": "subnet id"
        },
        "privateIp": {
            "value": "private ip address"
        },
        "ipConfigName": {
            "value": "ipconfig1"
        }
    }
}