{
    "$schema": "https://schema.management.azure.com/schemas/2015-01-01/deploymentTemplate.json#",
    "contentVersion": "1.0.0.0",
    "parameters": {
        "location": {
            "type": "string",
            "defaultValue": "westus",
            "allowedValues": [
                "Brazil South",
                "brazilsouth",
                "East Asia",
                "eastasia",
                "East US",
                "eastus",
                "Japan East",
                "japaneast",
                "Japan West",
                "japanwest",
                "North Central US",
                "northcentralus",
                "North Europe",
                "northeurope",
                "South Central US",
                "southcentralus",
                "West Europe",
                "westeurope",
                "West US",
                "westus",
                "Southeast Asia",
                "southeastasia",
                "Central US",
                "centralus",
                "East US 2",
                "eastus2"
            ],
            "metadata": {
                "description": "Deployment Location Hint: Use lowercase for creating ipaddress"
            }
        },
        "networkApiVersion": {
            "type": "string",
            "defaultValue": "2015-06-15",
            "allowedValues": [
                "2015-05-01-preview",
                "2015-06-15",
                "2016-03-30"
            ],
            "metadata": {
                "description": "API Version for the Network Resources"
            }
        },
        "networkInterfaceName": {
            "type": "string",
            "defaultValue": "networkInterface",
            "metadata": {
                "description": "Network Interface Name"
            }
        },
        "tag": {
            "type": "object",
            "defaultValue": {
                "key1": "key",
                "value1": "value"
            },
            "metadata": {
                "description": "Tag Values"
            }
        },
        "ipConfigName": {
            "type": "string",
            "metadata": {
                "description": "ip Configuration names"
            }
        },
        "subnetRef": {
            "type": "string",
            "defaultValue": "subnetRef",
            "metadata": {
                "description": "subnet reference where the Network Interface is being Deployed"
            }
        },
        "privateIp": {
            "type": "string",
            "defaultValue": "10.2.0.4",
            "metadata": {
                "description": "private Ip address"
            }
        }
    },
    "variables": {},
    "resources": [
        {
            "comments": "Network Interface Resource",
            "apiVersion": "[parameters('networkApiVersion')]",
            "type": "Microsoft.Network/networkInterfaces",
            "name": "[parameters('networkInterfaceName')]",
            "location": "[parameters('location')]",
            "tags": {
                "[parameters('tag').key1]": "[parameters('tag').value1]"
            },
            "properties": {
                "ipConfigurations": [
                    {
                        "name": "[parameters('ipConfigName')]",
                        "properties": {
                            "privateIPAddress": "[parameters('privateIp')]",
                            "privateIPAllocationMethod": "Static",
                            "subnet": {
                                "id": "[parameters('subnetRef')]"
                            }
                        }
                    }
                ]
            }
        }
    ]
}